grupo,n,mean,median,std,min,p25,p75,p90,max,share_ge_50,share_ge_100,share_ge_150,share_ge_200,share_ge_250,share_ge_300
holdout_2026_s1,294,104.96287755102041,78.203,85.44311607975449,0.08,39.868249999999996,150.0005,224.15009999999998,525.726,0.7006802721088435,0.4217687074829932,0.25170068027210885,0.14625850340136054,0.07142857142857142,0.034013605442176874
prospectiva_total_12m,101,153.0679207920792,141.55700000000002,130.308806541437,0.9880000000000564,49.65599999999995,211.9949999999999,347.77700000000004,649.9269999999999,0.7425742574257426,0.5643564356435643,0.48514851485148514,0.3069306930693069,0.13861386138613863,0.1188118811881188
prospectiva_CS Asia Championships 2026,30,136.84976666666662,165.07399999999996,108.17531298351584,0.9880000000000564,33.269749999999874,217.38374999999985,223.24190000000002,466.22,0.7,0.6,0.5333333333333333,0.36666666666666664,0.03333333333333333,0.03333333333333333
prospectiva_IEM Atlanta 2026,30,150.34406666666663,98.32450000000006,147.83538441372554,5.746000000000095,56.903250000000014,172.22225000000003,359.19109999999984,649.9269999999999,0.7666666666666667,0.4666666666666667,0.4,0.23333333333333334,0.16666666666666666,0.13333333333333333
prospectiva_PGL Astana 2026,41,166.92792682926833,161.76099999999997,133.1249602006307,4.269999999999982,55.96100000000001,212.92700000000013,386.05200000000013,531.23,0.7560975609756098,0.6097560975609756,0.5121951219512195,0.3170731707317073,0.1951219512195122,0.17073170731707318
